case,side,status,code_hit,model_requests,automatic_tools,model_tools,seconds
corrupt_uaf_kmalloc,before,completed,True,3,1,3,47.27
corrupt_uaf_kmalloc,after,completed,True,1,3,0,18.166
leak_kmalloc,before,completed,True,3,1,4,25.507
leak_kmalloc,after,completed,True,1,3,0,15.49
lock_mutex_abba,before,completed,True,3,1,3,26.81
lock_mutex_abba,after,completed,True,1,3,0,17.521
lock_sleep_atomic,before,completed,False,3,1,3,21.935
lock_sleep_atomic,after,completed,True,1,3,0,17.783
pressure_oom,before,failed,False,8,1,6,45.904
pressure_oom,after,completed,True,1,3,0,17.156
baseline,before,completed,False,1,1,0,13.921
baseline,after,completed,False,1,1,0,9.718
